,lsX,lsY,precision,recall,f1,average_precision,directory,classes
0,"[          0    0.001001    0.002002    0.003003    0.004004    0.005005    0.006006    0.007007    0.008008    0.009009     0.01001    0.011011    0.012012    0.013013    0.014014    0.015015    0.016016    0.017017    0.018018    0.019019     0.02002    0.021021    0.022022    0.023023    0.024024    0.025025
    0.026026    0.027027    0.028028    0.029029     0.03003    0.031031    0.032032    0.033033    0.034034    0.035035    0.036036    0.037037    0.038038    0.039039     0.04004    0.041041    0.042042    0.043043    0.044044    0.045045    0.046046    0.047047    0.048048    0.049049     0.05005    0.051051
    0.052052    0.053053    0.054054    0.055055    0.056056    0.057057    0.058058    0.059059     0.06006    0.061061    0.062062    0.063063    0.064064    0.065065    0.066066    0.067067    0.068068    0.069069     0.07007    0.071071    0.072072    0.073073    0.074074    0.075075    0.076076    0.077077
    0.078078    0.079079     0.08008    0.081081    0.082082    0.083083    0.084084    0.085085    0.086086    0.087087    0.088088    0.089089     0.09009    0.091091    0.092092    0.093093    0.094094    0.095095    0.096096    0.097097    0.098098    0.099099      0.1001      0.1011      0.1021      0.1031
      0.1041     0.10511     0.10611     0.10711     0.10811     0.10911     0.11011     0.11111     0.11211     0.11311     0.11411     0.11512     0.11612     0.11712     0.11812     0.11912     0.12012     0.12112     0.12212     0.12312     0.12412     0.12513     0.12613     0.12713     0.12813     0.12913
     0.13013     0.13113     0.13213     0.13313     0.13413     0.13514     0.13614     0.13714     0.13814     0.13914     0.14014     0.14114     0.14214     0.14314     0.14414     0.14515     0.14615     0.14715     0.14815     0.14915     0.15015     0.15115     0.15215     0.15315     0.15415     0.15516
     0.15616     0.15716     0.15816     0.15916     0.16016     0.16116     0.16216     0.16316     0.16416     0.16517     0.16617     0.16717     0.16817     0.16917     0.17017     0.17117     0.17217     0.17317     0.17417     0.17518     0.17618     0.17718     0.17818     0.17918     0.18018     0.18118
     0.18218     0.18318     0.18418     0.18519     0.18619     0.18719     0.18819     0.18919     0.19019     0.19119     0.19219     0.19319     0.19419      0.1952      0.1962      0.1972      0.1982      0.1992      0.2002      0.2012      0.2022      0.2032      0.2042     0.20521     0.20621     0.20721
     0.20821     0.20921     0.21021     0.21121     0.21221     0.21321     0.21421     0.21522     0.21622     0.21722     0.21822     0.21922     0.22022     0.22122     0.22222     0.22322     0.22422     0.22523     0.22623     0.22723     0.22823     0.22923     0.23023     0.23123     0.23223     0.23323
     0.23423     0.23524     0.23624     0.23724     0.23824     0.23924     0.24024     0.24124     0.24224     0.24324     0.24424     0.24525     0.24625     0.24725     0.24825     0.24925     0.25025     0.25125     0.25225     0.25325     0.25425     0.25526     0.25626     0.25726     0.25826     0.25926
     0.26026     0.26126     0.26226     0.26326     0.26426     0.26527     0.26627     0.26727     0.26827     0.26927     0.27027     0.27127     0.27227     0.27327     0.27427     0.27528     0.27628     0.27728     0.27828     0.27928     0.28028     0.28128     0.28228     0.28328     0.28428     0.28529
     0.28629     0.28729     0.28829     0.28929     0.29029     0.29129     0.29229     0.29329     0.29429      0.2953      0.2963      0.2973      0.2983      0.2993      0.3003      0.3013      0.3023      0.3033      0.3043     0.30531     0.30631     0.30731     0.30831     0.30931     0.31031     0.31131
     0.31231     0.31331     0.31431     0.31532     0.31632     0.31732     0.31832     0.31932     0.32032     0.32132     0.32232     0.32332     0.32432     0.32533     0.32633     0.32733     0.32833     0.32933     0.33033     0.33133     0.33233     0.33333     0.33433     0.33534     0.33634     0.33734
     0.33834     0.33934     0.34034     0.34134     0.34234     0.34334     0.34434     0.34535     0.34635     0.34735     0.34835     0.34935     0.35035     0.35135     0.35235     0.35335     0.35435     0.35536     0.35636     0.35736     0.35836     0.35936     0.36036     0.36136     0.36236     0.36336
     0.36436     0.36537     0.36637     0.36737     0.36837     0.36937     0.37037     0.37137     0.37237     0.37337     0.37437     0.37538     0.37638     0.37738     0.37838     0.37938     0.38038     0.38138     0.38238     0.38338     0.38438     0.38539     0.38639     0.38739     0.38839     0.38939
     0.39039     0.39139     0.39239     0.39339     0.39439      0.3954      0.3964      0.3974      0.3984      0.3994      0.4004      0.4014      0.4024      0.4034      0.4044     0.40541     0.40641     0.40741     0.40841     0.40941     0.41041     0.41141     0.41241     0.41341     0.41441     0.41542
     0.41642     0.41742     0.41842     0.41942     0.42042     0.42142     0.42242     0.42342     0.42442     0.42543     0.42643     0.42743     0.42843     0.42943     0.43043     0.43143     0.43243     0.43343     0.43443     0.43544     0.43644     0.43744     0.43844     0.43944     0.44044     0.44144
     0.44244     0.44344     0.44444     0.44545     0.44645     0.44745     0.44845     0.44945     0.45045     0.45145     0.45245     0.45345     0.45445     0.45546     0.45646     0.45746     0.45846     0.45946     0.46046     0.46146     0.46246     0.46346     0.46446     0.46547     0.46647     0.46747
     0.46847     0.46947     0.47047     0.47147     0.47247     0.47347     0.47447     0.47548     0.47648     0.47748     0.47848     0.47948     0.48048     0.48148     0.48248     0.48348     0.48448     0.48549     0.48649     0.48749     0.48849     0.48949     0.49049     0.49149     0.49249     0.49349
     0.49449      0.4955      0.4965      0.4975      0.4985      0.4995      0.5005      0.5015      0.5025      0.5035      0.5045     0.50551     0.50651     0.50751     0.50851     0.50951     0.51051     0.51151     0.51251     0.51351     0.51451     0.51552     0.51652     0.51752     0.51852     0.51952
     0.52052     0.52152     0.52252     0.52352     0.52452     0.52553     0.52653     0.52753     0.52853     0.52953     0.53053     0.53153     0.53253     0.53353     0.53453     0.53554     0.53654     0.53754     0.53854     0.53954     0.54054     0.54154     0.54254     0.54354     0.54454     0.54555
     0.54655     0.54755     0.54855     0.54955     0.55055     0.55155     0.55255     0.55355     0.55455     0.55556     0.55656     0.55756     0.55856     0.55956     0.56056     0.56156     0.56256     0.56356     0.56456     0.56557     0.56657     0.56757     0.56857     0.56957     0.57057     0.57157
     0.57257     0.57357     0.57457     0.57558     0.57658     0.57758     0.57858     0.57958     0.58058     0.58158     0.58258     0.58358     0.58458     0.58559     0.58659     0.58759     0.58859     0.58959     0.59059     0.59159     0.59259     0.59359     0.59459      0.5956      0.5966      0.5976
      0.5986      0.5996      0.6006      0.6016      0.6026      0.6036      0.6046     0.60561     0.60661     0.60761     0.60861     0.60961     0.61061     0.61161     0.61261     0.61361     0.61461     0.61562     0.61662     0.61762     0.61862     0.61962     0.62062     0.62162     0.62262     0.62362
     0.62462     0.62563     0.62663     0.62763     0.62863     0.62963     0.63063     0.63163     0.63263     0.63363     0.63463     0.63564     0.63664     0.63764     0.63864     0.63964     0.64064     0.64164     0.64264     0.64364     0.64464     0.64565     0.64665     0.64765     0.64865     0.64965
     0.65065     0.65165     0.65265     0.65365     0.65465     0.65566     0.65666     0.65766     0.65866     0.65966     0.66066     0.66166     0.66266     0.66366     0.66466     0.66567     0.66667     0.66767     0.66867     0.66967     0.67067     0.67167     0.67267     0.67367     0.67467     0.67568
     0.67668     0.67768     0.67868     0.67968     0.68068     0.68168     0.68268     0.68368     0.68468     0.68569     0.68669     0.68769     0.68869     0.68969     0.69069     0.69169     0.69269     0.69369     0.69469      0.6957      0.6967      0.6977      0.6987      0.6997      0.7007      0.7017
      0.7027      0.7037      0.7047     0.70571     0.70671     0.70771     0.70871     0.70971     0.71071     0.71171     0.71271     0.71371     0.71471     0.71572     0.71672     0.71772     0.71872     0.71972     0.72072     0.72172     0.72272     0.72372     0.72472     0.72573     0.72673     0.72773
     0.72873     0.72973     0.73073     0.73173     0.73273     0.73373     0.73473     0.73574     0.73674     0.73774     0.73874     0.73974     0.74074     0.74174     0.74274     0.74374     0.74474     0.74575     0.74675     0.74775     0.74875     0.74975     0.75075     0.75175     0.75275     0.75375
     0.75475     0.75576     0.75676     0.75776     0.75876     0.75976     0.76076     0.76176     0.76276     0.76376     0.76476     0.76577     0.76677     0.76777     0.76877     0.76977     0.77077     0.77177     0.77277     0.77377     0.77477     0.77578     0.77678     0.77778     0.77878     0.77978
     0.78078     0.78178     0.78278     0.78378     0.78478     0.78579     0.78679     0.78779     0.78879     0.78979     0.79079     0.79179     0.79279     0.79379     0.79479      0.7958      0.7968      0.7978      0.7988      0.7998      0.8008      0.8018      0.8028      0.8038      0.8048     0.80581
     0.80681     0.80781     0.80881     0.80981     0.81081     0.81181     0.81281     0.81381     0.81481     0.81582     0.81682     0.81782     0.81882     0.81982     0.82082     0.82182     0.82282     0.82382     0.82482     0.82583     0.82683     0.82783     0.82883     0.82983     0.83083     0.83183
     0.83283     0.83383     0.83483     0.83584     0.83684     0.83784     0.83884     0.83984     0.84084     0.84184     0.84284     0.84384     0.84484     0.84585     0.84685     0.84785     0.84885     0.84985     0.85085     0.85185     0.85285     0.85385     0.85485     0.85586     0.85686     0.85786
     0.85886     0.85986     0.86086     0.86186     0.86286     0.86386     0.86486     0.86587     0.86687     0.86787     0.86887     0.86987     0.87087     0.87187     0.87287     0.87387     0.87487     0.87588     0.87688     0.87788     0.87888     0.87988     0.88088     0.88188     0.88288     0.88388
     0.88488     0.88589     0.88689     0.88789     0.88889     0.88989     0.89089     0.89189     0.89289     0.89389     0.89489      0.8959      0.8969      0.8979      0.8989      0.8999      0.9009      0.9019      0.9029      0.9039      0.9049     0.90591     0.90691     0.90791     0.90891     0.90991
     0.91091     0.91191     0.91291     0.91391     0.91491     0.91592     0.91692     0.91792     0.91892     0.91992     0.92092     0.92192     0.92292     0.92392     0.92492     0.92593     0.92693     0.92793     0.92893     0.92993     0.93093     0.93193     0.93293     0.93393     0.93493     0.93594
     0.93694     0.93794     0.93894     0.93994     0.94094     0.94194     0.94294     0.94394     0.94494     0.94595     0.94695     0.94795     0.94895     0.94995     0.95095     0.95195     0.95295     0.95395     0.95495     0.95596     0.95696     0.95796     0.95896     0.95996     0.96096     0.96196
     0.96296     0.96396     0.96496     0.96597     0.96697     0.96797     0.96897     0.96997     0.97097     0.97197     0.97297     0.97397     0.97497     0.97598     0.97698     0.97798     0.97898     0.97998     0.98098     0.98198     0.98298     0.98398     0.98498     0.98599     0.98699     0.98799
     0.98899     0.98999     0.99099     0.99199     0.99299     0.99399     0.99499       0.996       0.997       0.998       0.999           1]","[array([  0.0028736,   0.0028736,   0.0028736,   0.0028736,   0.0028736,   0.0028736,   0.0028736,   0.0028736,   0.0028736,   0.0028736,   0.0028736,   0.0028736,   0.0028736,   0.0028736,   0.0028736,   0.0028736,   0.0028736,   0.0028736,   0.0028736,   0.0028736,   0.0028736,   0.0028736,   0.0028736,   0.0028736,
         0.0022883,   0.0022883,   0.0022883,   0.0022883,   0.0022883,   0.0022883,   0.0022883,   0.0022883,   0.0022883,   0.0022883,   0.0022883,   0.0022883,   0.0022883,   0.0022883,   0.0022883,   0.0022883,   0.0022883,   0.0022883,   0.0022883,   0.0022883,   0.0022883,   0.0022883,   0.0022883,   0.0022883,
         0.0022883,   0.0022883,   0.0022883,   0.0022883,   0.0022883,   0.0022883,   0.0022883,   0.0022883,   0.0022883,   0.0022883,   0.0022883,   0.0022883,   0.0022883,   0.0022883,   0.0022883,   0.0022883,   0.0022883,   0.0022883,   0.0022883,   0.0022883,   0.0022883,   0.0022883,   0.0014282,   0.0014282,
         0.0014282,   0.0014282,   0.0014282,   0.0014282,   0.0014282,   0.0014282,   0.0014282,   0.0014282,   0.0014282,   0.0014282,   0.0014282,   0.0014282,   0.0014282,   0.0014282,   0.0014282,   0.0014282,   0.0014282,   0.0014282,   0.0014282,   0.0014282,   0.0014282,   0.0014282,   0.0014282,   0.0014282,
         0.0014282,   0.0014282,   0.0014282,   0.0014282,   0.0014282,   0.0014282,   0.0014282,   0.0014282,   0.0014282,   0.0014282,   0.0014282,   0.0014282,   0.0014282,   0.0014282,   0.0014282,   0.0014282,   0.0014282,   0.0014282,   0.0014282,   0.0014282,   0.0014282,   0.0014282,   0.0014282,   0.0014282,
         0.0014282,   0.0014282,   0.0014282,   0.0014282,   0.0014282,   0.0014282,   0.0014282,   0.0014282,   0.0014282,   0.0014282,   0.0014282,   0.0014282,   0.0014282,   0.0014282,   0.0014282,   0.0014282,   0.0014282,   0.0014282,   0.0014282,   0.0014282,    0.001395,   0.0013934,   0.0013918,   0.0013901,
         0.0013885,   0.0013869,   0.0013853,   0.0013836,    0.001382,   0.0013804,   0.0013788,   0.0013772,   0.0013755,   0.0013739,   0.0013723,   0.0013707,    0.001369,   0.0013674,   0.0013658,   0.0013642,   0.0013625,   0.0013609,   0.0013593,   0.0013577,    0.001356,   0.0013544,   0.0013528,   0.0013512,
         0.0013495,   0.0013479,   0.0013463,   0.0013447,    0.001343,   0.0013414,   0.0013398,   0.0013382,   0.0013366,   0.0013349,   0.0013333,   0.0013317,   0.0013301,   0.0013284,   0.0013268,   0.0013252,   0.0013236,   0.0013219,   0.0013203,   0.0013187,   0.0013171,   0.0013154,   0.0013138,   0.0013122,
         0.0013106,   0.0013089,   0.0013073,   0.0013057,   0.0013041,   0.0013024,   0.0013008,   0.0012992,   0.0012976,    0.001296,   0.0012943,   0.0012927,   0.0012911,   0.0012895,   0.0012878,   0.0012862,   0.0012846,    0.001283,   0.0012813,   0.0012797,   0.0012781,   0.0012765,   0.0012748,   0.0012732,
         0.0012716,     0.00127,   0.0012683,   0.0012667,   0.0012651,   0.0012635,   0.0012618,   0.0012602,   0.0012586,    0.001257,   0.0012554,   0.0012537,   0.0012521,   0.0012505,   0.0012489,   0.0012472,   0.0012456,    0.001244,   0.0012424,   0.0012407,   0.0012391,   0.0012375,   0.0012359,   0.0012342,
         0.0012326,    0.001231,   0.0012294,   0.0012277,   0.0012261,   0.0012245,   0.0012229,   0.0012212,   0.0012196,    0.001218,   0.0012164,   0.0012148,   0.0012131,   0.0012115,   0.0012099,   0.0012083,   0.0012066,    0.001205,   0.0012034,   0.0012018,   0.0012001,   0.0011985,   0.0011969,   0.0011953,
         0.0011936,    0.001192,   0.0011904,   0.0011888,   0.0011871,   0.0011855,   0.0011839,   0.0011823,   0.0011806,    0.001179,   0.0011774,   0.0011758,   0.0011742,   0.0011725,   0.0011709,   0.0011693,   0.0011677,    0.001166,   0.0011644,   0.0011628,   0.0011612,   0.0011595,   0.0011579,   0.0011563,
         0.0011547,    0.001153,   0.0011514,   0.0011498,   0.0011482,   0.0011465,   0.0011449,   0.0011433,   0.0011417,     0.00114,   0.0011384,   0.0011368,   0.0011352,   0.0011336,   0.0011319,   0.0011303,   0.0011287,   0.0011271,   0.0011254,   0.0011238,   0.0011222,   0.0011206,   0.0011189,   0.0011173,
         0.0011157,   0.0011141,   0.0011124,   0.0011108,   0.0011092,   0.0011076,   0.0011059,   0.0011043,   0.0011027,   0.0011011,   0.0010994,   0.0010978,   0.0010962,   0.0010946,    0.001093,   0.0010913,   0.0010897,   0.0010881,   0.0010865,   0.0010848,   0.0010832,   0.0010816,     0.00108,   0.0010783,
         0.0010767,   0.0010751,   0.0010735,   0.0010718,   0.0010702,   0.0010686,    0.001067,   0.0010653,   0.0010637,   0.0010621,   0.0010605,   0.0010588,   0.0010572,   0.0010556,    0.001054,   0.0010524,   0.0010507,   0.0010491,   0.0010475,   0.0010459,   0.0010442,   0.0010426,    0.001041,   0.0010394,
         0.0010377,   0.0010361,   0.0010345,   0.0010329,   0.0010312,   0.0010296,    0.001028,   0.0010264,   0.0010247,   0.0010231,   0.0010215,   0.0010199,   0.0010182,   0.0010166,    0.001015,   0.0010134,   0.0010118,   0.0010101,   0.0010085,   0.0010069,   0.0010053,   0.0010036,    0.001002,   0.0010004,
        0.00099876,  0.00099714,  0.00099551,  0.00099389,  0.00099226,  0.00099064,  0.00098902,  0.00098739,  0.00098577,  0.00098414,  0.00098252,   0.0009809,  0.00097927,  0.00097765,  0.00097602,   0.0009744,  0.00097278,  0.00097115,  0.00096953,   0.0009679,  0.00096628,  0.00096466,  0.00096303,  0.00096141,
        0.00095978,  0.00095816,  0.00095654,  0.00095491,  0.00095329,  0.00095166,  0.00095004,  0.00094842,  0.00094679,  0.00094517,  0.00094354,  0.00094192,   0.0009403,  0.00093867,  0.00093705,  0.00093542,   0.0009338,  0.00093218,  0.00093055,  0.00092893,   0.0009273,  0.00092568,  0.00092406,  0.00092243,
        0.00092081,  0.00091918,  0.00091756,  0.00091594,  0.00091431,  0.00091269,  0.00091106,  0.00090944,  0.00090782,  0.00090619,  0.00090457,  0.00090294,  0.00090132,   0.0008997,  0.00089807,  0.00089645,  0.00089482,   0.0008932,  0.00089158,  0.00088995,  0.00088833,   0.0008867,  0.00088508,  0.00088346,
        0.00088183,  0.00088021,  0.00087858,  0.00087696,  0.00087534,  0.00087371,  0.00087209,  0.00087046,  0.00086884,  0.00086722,  0.00086559,  0.00086397,  0.00086234,  0.00086072,   0.0008591,  0.00085747,  0.00085585,  0.00085422,   0.0008526,  0.00085098,  0.00084935,  0.00084773,   0.0008461,  0.00084448,
        0.00084286,  0.00084123,  0.00083961,  0.00083798,  0.00083636,  0.00083474,  0.00083311,  0.00083149,  0.00082986,  0.00082824,  0.00082662,  0.00082499,  0.00082337,  0.00082174,  0.00082012,   0.0008185,  0.00081687,  0.00081525,  0.00081362,    0.000812,  0.00081038,  0.00080875,  0.00080713,   0.0008055,
        0.00080388,  0.00080226,  0.00080063,  0.00079901,  0.00079738,  0.00079576,  0.00079414,  0.00079251,  0.00079089,  0.00078926,  0.00078764,  0.00078602,  0.00078439,  0.00078277,  0.00078114,  0.00077952,   0.0007779,  0.00077627,  0.00077465,  0.00077302,   0.0007714,  0.00076978,  0.00076815,  0.00076653,
         0.0007649,  0.00076328,  0.00076166,  0.00076003,  0.00075841,  0.00075678,  0.00075516,  0.00075354,  0.00075191,  0.00075029,  0.00074866,  0.00074704,  0.00074542,  0.00074379,  0.00074217,  0.00074054,  0.00073892,   0.0007373,  0.00073567,  0.00073405,  0.00073242,   0.0007308,  0.00072918,  0.00072755,
        0.00072593,   0.0007243,  0.00072268,  0.00072106,  0.00071943,  0.00071781,  0.00071618,  0.00071456,  0.00071294,  0.00071131,  0.00070969,  0.00070806,  0.00070644,  0.00070482,  0.00070319,  0.00070157,  0.00069994,  0.00069832,   0.0006967,  0.00069507,  0.00069345,  0.00069182,   0.0006902,  0.00068858,
        0.00068695,  0.00068533,   0.0006837,  0.00068208,  0.00068046,  0.00067883,  0.00067721,  0.00067558,  0.00067396,  0.00067234,  0.00067071,  0.00066909,  0.00066746,  0.00066584,  0.00066422,  0.00066259,  0.00066097,  0.00065934,  0.00065772,   0.0006561,  0.00065447,  0.00065285,  0.00065122,   0.0006496,
        0.00064798,  0.00064635,  0.00064473,   0.0006431,  0.00064148,  0.00063986,  0.00063823,  0.00063661,  0.00063498,  0.00063336,  0.00063174,  0.00063011,  0.00062849,  0.00062686,  0.00062524,  0.00062362,  0.00062199,  0.00062037,  0.00061874,  0.00061712,   0.0006155,  0.00061387,  0.00061225,  0.00061062,
          0.000609,  0.00060738,  0.00060575,  0.00060413,   0.0006025,  0.00060088,  0.00059926,  0.00059763,  0.00059601,  0.00059438,  0.00059276,  0.00059114,  0.00058951,  0.00058789,  0.00058626,  0.00058464,  0.00058302,  0.00058139,  0.00057977,  0.00057814,  0.00057652,   0.0005749,  0.00057327,  0.00057165,
        0.00057002,   0.0005684,  0.00056678,  0.00056515,  0.00056353,   0.0005619,  0.00056028,  0.00055866,  0.00055703,  0.00055541,  0.00055378,  0.00055216,  0.00055054,  0.00054891,  0.00054729,  0.00054566,  0.00054404,  0.00054242,  0.00054079,  0.00053917,  0.00053754,  0.00053592,   0.0005343,  0.00053267,
        0.00053105,  0.00052942,   0.0005278,  0.00052618,  0.00052455,  0.00052293,   0.0005213,  0.00051968,  0.00051806,  0.00051643,  0.00051481,  0.00051318,  0.00051156,  0.00050994,  0.00050831,  0.00050669,  0.00050506,  0.00050344,  0.00050182,  0.00050019,  0.00049857,  0.00049694,  0.00049532,   0.0004937,
        0.00049207,  0.00049045,  0.00048882,   0.0004872,  0.00048558,  0.00048395,  0.00048233,   0.0004807,  0.00047908,  0.00047746,  0.00047583,  0.00047421,  0.00047258,  0.00047096,  0.00046934,  0.00046771,  0.00046609,  0.00046446,  0.00046284,  0.00046122,  0.00045959,  0.00045797,  0.00045634,  0.00045472,
         0.0004531,  0.00045147,  0.00044985,  0.00044822,   0.0004466,  0.00044498,  0.00044335,  0.00044173,   0.0004401,  0.00043848,  0.00043686,  0.00043523,  0.00043361,  0.00043198,  0.00043036,  0.00042874,  0.00042711,  0.00042549,  0.00042386,  0.00042224,  0.00042062,  0.00041899,  0.00041737,  0.00041574,
        0.00041412,   0.0004125,  0.00041087,  0.00040925,  0.00040762,    0.000406,  0.00040438,  0.00040275,  0.00040113,   0.0003995,  0.00039788,  0.00039626,  0.00039463,  0.00039301,  0.00039138,  0.00038976,  0.00038814,  0.00038651,  0.00038489,  0.00038326,  0.00038164,  0.00038002,  0.00037839,  0.00037677,
        0.00037514,  0.00037352,   0.0003719,  0.00037027,  0.00036865,  0.00036702,   0.0003654,  0.00036378,  0.00036215,  0.00036053,   0.0003589,  0.00035728,  0.00035566,  0.00035403,  0.00035241,  0.00035078,  0.00034916,  0.00034754,  0.00034591,  0.00034429,  0.00034266,  0.00034104,  0.00033942,  0.00033779,
        0.00033617,  0.00033454,  0.00033292,   0.0003313,  0.00032967,  0.00032805,  0.00032642,   0.0003248,  0.00032318,  0.00032155,  0.00031993,   0.0003183,  0.00031668,  0.00031506,  0.00031343,  0.00031181,  0.00031018,  0.00030856,  0.00030694,  0.00030531,  0.00030369,  0.00030206,  0.00030044,  0.00029882,
        0.00029719,  0.00029557,  0.00029394,  0.00029232,   0.0002907,  0.00028907,  0.00028745,  0.00028582,   0.0002842,  0.00028258,  0.00028095,  0.00027933,   0.0002777,  0.00027608,  0.00027446,  0.00027283,  0.00027121,  0.00026958,  0.00026796,  0.00026634,  0.00026471,  0.00026309,  0.00026146,  0.00025984,
        0.00025822,  0.00025659,  0.00025497,  0.00025334,  0.00025172,   0.0002501,  0.00024847,  0.00024685,  0.00024522,   0.0002436,  0.00024198,  0.00024035,  0.00023873,   0.0002371,  0.00023548,  0.00023386,  0.00023223,  0.00023061,  0.00022898,  0.00022736,  0.00022574,  0.00022411,  0.00022249,  0.00022086,
        0.00021924,  0.00021762,  0.00021599,  0.00021437,  0.00021274,  0.00021112,   0.0002095,  0.00020787,  0.00020625,  0.00020462,    0.000203,  0.00020138,  0.00019975,  0.00019813,   0.0001965,  0.00019488,  0.00019326,  0.00019163,  0.00019001,  0.00018838,  0.00018676,  0.00018514,  0.00018351,  0.00018189,
        0.00018026,  0.00017864,  0.00017702,  0.00017539,  0.00017377,  0.00017214,  0.00017052,   0.0001689,  0.00016727,  0.00016565,  0.00016402,   0.0001624,  0.00016078,  0.00015915,  0.00015753,   0.0001559,  0.00015428,  0.00015266,  0.00015103,  0.00014941,  0.00014778,  0.00014616,  0.00014454,  0.00014291,
        0.00014129,  0.00013966,  0.00013804,  0.00013642,  0.00013479,  0.00013317,  0.00013154,  0.00012992,   0.0001283,  0.00012667,  0.00012505,  0.00012342,   0.0001218,  0.00012018,  0.00011855,  0.00011693,   0.0001153,  0.00011368,  0.00011206,  0.00011043,  0.00010881,  0.00010718,  0.00010556,  0.00010394,
        0.00010231,  0.00010069,  9.9064e-05,   9.744e-05,  9.5816e-05,  9.4192e-05,  9.2568e-05,  9.0944e-05,   8.932e-05,  8.7696e-05,  8.6072e-05,  8.4448e-05,  8.2824e-05,    8.12e-05,  7.9576e-05,  7.7952e-05,  7.6328e-05,  7.4704e-05,   7.308e-05,  7.1456e-05,  6.9832e-05,  6.8208e-05,  6.6584e-05,   6.496e-05,
        6.3336e-05,  6.1712e-05,  6.0088e-05,  5.8464e-05,   5.684e-05,  5.5216e-05,  5.3592e-05,  5.1968e-05,  5.0344e-05,   4.872e-05,  4.7096e-05,  4.5472e-05,  4.3848e-05,  4.2224e-05,    4.06e-05,  3.8976e-05,  3.7352e-05,  3.5728e-05,  3.4104e-05,   3.248e-05,  3.0856e-05,  2.9232e-05,  2.7608e-05,  2.5984e-05,
         2.436e-05,  2.2736e-05,  2.1112e-05,  1.9488e-05,  1.7864e-05,   1.624e-05,  1.4616e-05,  1.2992e-05,  1.1368e-05,   9.744e-06,    8.12e-06,   6.496e-06,   4.872e-06,   3.248e-06,   1.624e-06,           0]), array([  0.0028902,   0.0028902,   0.0028902,   0.0028902,   0.0028902,   0.0028902,   0.0028902,   0.0028902,   0.0028902,   0.0028902,   0.0028902,   0.0028902,   0.0028902,   0.0028902,   0.0028902,   0.0028902,   0.0028902,   0.0028902,   0.0028902,   0.0028902,   0.0028902,   0.0028902,   0.0028902,   0.0028902,
         0.0028902,   0.0028902,   0.0028902,   0.0028902,   0.0028902,   0.0028902,   0.0028902,   0.0028902,   0.0028902,   0.0028902,   0.0028902,   0.0028902,   0.0028902,   0.0028902,   0.0028902,   0.0028902,   0.0028902,   0.0028902,   0.0028902,   0.0028902,   0.0028902,   0.0028902,   0.0028902,   0.0028902,
         0.0028902,   0.0028902,   0.0028902,   0.0028902,   0.0028902,   0.0028902,   0.0028902,   0.0028902,   0.0028902,   0.0028902,   0.0028902,   0.0028902,   0.0028902,   0.0028902,   0.0028902,   0.0028902,   0.0028902,   0.0028902,   0.0028902,   0.0028902,   0.0028902,   0.0028902,   0.0028902,   0.0028902,
         0.0028902,   0.0028902,   0.0028902,   0.0028902,   0.0028902,   0.0028902,   0.0028902,   0.0028902,   0.0028902,   0.0028902,   0.0028902,   0.0028902,   0.0028902,   0.0028902,   0.0028902,   0.0028902,   0.0028902,   0.0028902,   0.0028902,   0.0028902,   0.0028902,   0.0028902,   0.0028902,   0.0028902,
         0.0028902,   0.0028902,   0.0028902,   0.0028902,   0.0028902,   0.0028902,   0.0028902,   0.0028902,   0.0028902,   0.0028902,   0.0028902,   0.0028902,   0.0023502,   0.0023475,   0.0023449,   0.0023423,   0.0023396,    0.002337,   0.0023344,   0.0023317,   0.0023291,   0.0023264,   0.0023238,   0.0023212,
         0.0023185,   0.0023159,   0.0023132,   0.0023106,    0.002308,   0.0023053,   0.0023027,   0.0023001,   0.0022974,   0.0022948,   0.0022921,   0.0022895,   0.0022869,   0.0022842,   0.0022816,    0.002279,   0.0022763,   0.0022737,    0.002271,   0.0022684,   0.0022658,   0.0022631,   0.0022605,   0.0022579,
         0.0022552,   0.0022526,   0.0022499,   0.0022473,   0.0022447,    0.002242,   0.0022394,   0.0022368,   0.0022341,   0.0022315,   0.0022288,   0.0022262,   0.0022236,   0.0022209,   0.0022183,   0.0022157,    0.002213,   0.0022104,   0.0022077,   0.0022051,   0.0022025,   0.0021998,   0.0021972,   0.0021946,
         0.0021919,   0.0021893,   0.0021866,    0.002184,   0.0021814,   0.0021787,   0.0021761,   0.0021735,   0.0021708,   0.0021682,   0.0021655,   0.0021629,   0.0021603,   0.0021576,    0.002155,   0.0021523,   0.0021497,   0.0021471,   0.0021444,   0.0021418,   0.0021392,   0.0021365,   0.0021339,   0.0021312,
         0.0021286,    0.002126,   0.0021233,   0.0021207,   0.0021181,   0.0021154,   0.0021128,   0.0021101,   0.0021075,   0.0021049,   0.0021022,   0.0020996,    0.002097,   0.0020943,   0.0020917,    0.002089,   0.0020864,   0.0020838,   0.0020811,   0.0020785,   0.0020759,   0.0020732,   0.0020706,   0.0020679,
         0.0020653,   0.0020627,     0.00206,   0.0020574,   0.0020548,   0.0020521,   0.0020495,   0.0020468,   0.0020442,   0.0020416,   0.0020389,   0.0020363,   0.0020337,    0.002031,   0.0020284,   0.0020257,   0.0020231,   0.0020205,   0.0020178,   0.0020152,   0.0020126,   0.0020099,   0.0020073,   0.0020046,
          0.002002,   0.0019994,   0.0019967,   0.0019941,   0.0019915,   0.0019888,   0.0019862,   0.0019835,   0.0019809,   0.0019783,   0.0019756,    0.001973,   0.0019703,   0.0019677,   0.0019651,   0.0019624,   0.0019598,   0.0019572,   0.0019545,   0.0019519,   0.0019492,   0.0019466,    0.001944,   0.0019413,
         0.0019387,   0.0019361,   0.0019334,   0.0019308,   0.0019281,   0.0019255,   0.0019229,   0.0019202,   0.0019176,    0.001915,   0.0019123,   0.0019097,    0.001907,   0.0019044,   0.0019018,   0.0018991,   0.0018965,   0.0018939,   0.0018912,   0.0018886,   0.0018859,   0.0018833,   0.0018807,    0.001878,
         0.0018754,   0.0018728,   0.0018701,   0.0018675,   0.0018648,   0.0018622,   0.0018596,   0.0018569,   0.0018543,   0.0018517,    0.001849,   0.0018464,   0.0018437,   0.0018411,   0.0018385,   0.0018358,   0.0018332,   0.0018306,   0.0018279,   0.0018253,   0.0018226,     0.00182,   0.0018174,   0.0018147,
         0.0018121,   0.0018095,   0.0018068,   0.0018042,   0.0018015,   0.0017989,   0.0017963,   0.0017936,    0.001791,   0.0017883,   0.0017857,   0.0017831,   0.0017804,   0.0017778,   0.0017752,   0.0017725,   0.0017699,   0.0017672,   0.0017646,    0.001762,   0.0017593,   0.0017567,   0.0017541,   0.0017514,
         0.0017488,   0.0017461,   0.0017435,   0.0017409,   0.0017382,   0.0017356,    0.001733,   0.0017303,   0.0017277,    0.001725,   0.0017224,   0.0017198,   0.0017171,   0.0017145,   0.0017119,   0.0017092,   0.0017066,   0.0017039,   0.0017013,   0.0016987,    0.001696,   0.0016934,   0.0016908,   0.0016881,
         0.0016855,   0.0016828,   0.0016802,   0.0016776,   0.0016749,   0.0016723,   0.0016697,    0.001667,   0.0016644,   0.0016617,   0.0016591,   0.0016565,   0.0016538,   0.0016512,   0.0016486,   0.0016459,   0.0016433,   0.0016406,    0.001638,   0.0016354,   0.0016327,   0.0016301,   0.0016275,   0.0016248,
         0.0016222,   0.0016195,   0.0016169,   0.0016143,   0.0016116,    0.001609,   0.0016063,   0.0016037,   0.0016011,   0.0015984,   0.0015958,   0.0015932,   0.0015905,   0.0015879,   0.0015852,   0.0015826,     0.00158,   0.0015773,   0.0015747,   0.0015721,   0.0015694,   0.0015668,   0.0015641,   0.0015615,
         0.0015589,   0.0015562,   0.0015536,    0.001551,   0.0015483,   0.0015457,    0.001543,   0.0015404,   0.0015378,   0.0015351,   0.0015325,   0.0015299,   0.0015272,   0.0015246,   0.0015219,   0.0015193,   0.0015167,    0.001514,   0.0015114,   0.0015088,   0.0015061,   0.0015035,   0.0015008,   0.0014982,
         0.0014956,   0.0014929,   0.0014903,   0.0014877,    0.001485,   0.0014824,   0.0014797,   0.0014771,   0.0014745,   0.0014718,   0.0014692,   0.0014666,   0.0014639,   0.0014613,   0.0014586,    0.001456,   0.0014534,   0.0014507,   0.0014481,   0.0014455,   0.0014428,   0.0014402,   0.0014375,   0.0014349,
         0.0014323,   0.0014296,    0.001427,   0.0014243,   0.0014217,   0.0014191,   0.0014164,   0.0014138,   0.0014112,   0.0014085,   0.0014059,   0.0014032,   0.0014006,    0.001398,   0.0013953,   0.0013927,   0.0013901,   0.0013874,   0.0013848,   0.0013821,   0.0013795,   0.0013769,   0.0013742,   0.0013716,
          0.001369,   0.0013663,   0.0013637,    0.001361,   0.0013584,   0.0013558,   0.0013531,   0.0013505,   0.0013479,   0.0013452,   0.0013426,   0.0013399,   0.0013373,   0.0013347,    0.001332,   0.0013294,   0.0013268,   0.0013241,   0.0013215,   0.0013188,   0.0013162,   0.0013136,   0.0013109,   0.0013083,
         0.0013057,    0.001303,   0.0013004,   0.0012977,   0.0012951,   0.0012925,   0.0012898,   0.0012872,   0.0012846,   0.0012819,   0.0012793,   0.0012766,    0.001274,   0.0012714,   0.0012687,   0.0012661,   0.0012635,   0.0012608,   0.0012582,   0.0012555,   0.0012529,   0.0012503,   0.0012476,    0.001245,
         0.0012423,   0.0012397,   0.0012371,   0.0012344,   0.0012318,   0.0012292,   0.0012265,   0.0012239,   0.0012212,   0.0012186,    0.001216,   0.0012133,   0.0012107,   0.0012081,   0.0012054,   0.0012028,   0.0012001,   0.0011975,   0.0011949,   0.0011922,   0.0011896,    0.001187,   0.0011843,   0.0011817,
          0.001179,   0.0011764,   0.0011738,   0.0011711,   0.0011685,   0.0011659,   0.0011632,   0.0011606,   0.0011579,   0.0011553,   0.0011527,     0.00115,   0.0011474,   0.0011448,   0.0011421,   0.0011395,   0.0011368,   0.0011342,   0.0011316,   0.0011289,   0.0011263,   0.0011237,    0.001121,   0.0011184,
         0.0011157,   0.0011131,   0.0011105,   0.0011078,   0.0011052,   0.0011026,   0.0010999,   0.0010973,   0.0010946,    0.001092,   0.0010894,   0.0010867,   0.0010841,   0.0010815,   0.0010788,   0.0010762,   0.0010735,   0.0010709,   0.0010683,   0.0010656,    0.001063,   0.0010603,   0.0010577,   0.0010551,
         0.0010524,   0.0010498,   0.0010472,   0.0010445,   0.0010419,   0.0010392,   0.0010366,    0.001034,   0.0010313,   0.0010287,   0.0010261,   0.0010234,   0.0010208,   0.0010181,   0.0010155,   0.0010129,   0.0010102,   0.0010076,    0.001005,   0.0010023,  0.00099968,  0.00099704,  0.00099441,  0.00099177,
        0.00098913,  0.00098649,  0.00098386,  0.00098122,  0.00097858,  0.00097594,  0.00097331,  0.00097067,  0.00096803,  0.00096539,  0.00096275,  0.00096012,  0.00095748,  0.00095484,   0.0009522,  0.00094957,  0.00094693,  0.00094429,  0.00094165,  0.00093902,  0.00093638,  0.00093374,   0.0009311,  0.00092846,
        0.00092583,  0.00092319,  0.00092055,  0.00091791,  0.00091528,  0.00091264,     0.00091,  0.00090736,  0.00090473,  0.00090209,  0.00089945,  0.00089681,  0.00089417,  0.00089154,   0.0008889,  0.00088626,  0.00088362,  0.00088099,  0.00087835,  0.00087571,  0.00087307,  0.00087044,   0.0008678,  0.00086516,
        0.00086252,  0.00085988,  0.00085725,  0.00085461,  0.00085197,  0.00084933,   0.0008467,  0.00084406,  0.00084142,  0.00083878,  0.00083615,  0.00083351,  0.00083087,  0.00082823,   0.0008256,  0.00082296,  0.00082032,  0.00081768,  0.00081504,  0.00081241,  0.00080977,  0.00080713,  0.00080449,  0.00080186,
        0.00079922,  0.00079658,  0.00079394,  0.00079131,  0.00078867,  0.00078603,  0.00078339,  0.00078075,  0.00077812,  0.00077548,  0.00077284,   0.0007702,  0.00076757,  0.00076493,  0.00076229,  0.00075965,  0.00075702,  0.00075438,  0.00075174,   0.0007491,  0.00074646,  0.00074383,  0.00074119,  0.00073855,
        0.00073591,  0.00073328,  0.00073064,    0.000728,  0.00072536,  0.00072273,  0.00072009,  0.00071745,  0.00071481,  0.00071217,  0.00070954,   0.0007069,  0.00070426,  0.00070162,  0.00069899,  0.00069635,  0.00069371,  0.00069107,  0.00068844,   0.0006858,  0.00068316,  0.00068052,  0.00067788,  0.00067525,
        0.00067261,  0.00066997,  0.00066733,   0.0006647,  0.00066206,  0.00065942,  0.00065678,  0.00065415,  0.00065151,  0.00064887,  0.00064623,  0.00064359,  0.00064096,  0.00063832,  0.00063568,  0.00063304,  0.00063041,  0.00062777,  0.00062513,  0.00062249,  0.00061986,  0.00061722,  0.00061458,  0.00061194,
         0.0006093,  0.00060667,  0.00060403,  0.00060139,  0.00059875,  0.00059612,  0.00059348,  0.00059084,   0.0005882,  0.00058557,  0.00058293,  0.00058029,  0.00057765,  0.00057502,  0.00057238,  0.00056974,   0.0005671,  0.00056446,  0.00056183,  0.00055919,  0.00055655,  0.00055391,  0.00055128,  0.00054864,
          0.000546,  0.00054336,  0.00054073,  0.00053809,  0.00053545,  0.00053281,  0.00053017,  0.00052754,   0.0005249,  0.00052226,  0.00051962,  0.00051699,  0.00051435,  0.00051171,  0.00050907,  0.00050644,   0.0005038,  0.00050116,  0.00049852,  0.00049588,  0.00049325,  0.00049061,  0.00048797,  0.00048533,
         0.0004827,  0.00048006,  0.00047742,  0.00047478,  0.00047215,  0.00046951,  0.00046687,  0.00046423,  0.00046159,  0.00045896,  0.00045632,  0.00045368,  0.00045104,  0.00044841,  0.00044577,  0.00044313,  0.00044049,  0.00043786,  0.00043522,  0.00043258,  0.00042994,   0.0004273,  0.00042467,  0.00042203,
        0.00041939,  0.00041675,  0.00041412,  0.00041148,  0.00040884,   0.0004062,  0.00040357,  0.00040093,  0.00039829,  0.00039565,  0.00039301,  0.00039038,  0.00038774,   0.0003851,  0.00038246,  0.00037983,  0.00037719,  0.00037455,  0.00037191,  0.00036928,  0.00036664,    0.000364,  0.00036136,  0.00035872,
        0.00035609,  0.00035345,  0.00035081,  0.00034817,  0.00034554,   0.0003429,  0.00034026,  0.00033762,  0.00033499,  0.00033235,  0.00032971,  0.00032707,  0.00032444,   0.0003218,  0.00031916,  0.00031652,  0.00031388,  0.00031125,  0.00030861,  0.00030597,  0.00030333,   0.0003007,  0.00029806,  0.00029542,
        0.00029278,  0.00029015,  0.00028751,  0.00028487,  0.00028223,  0.00027959,  0.00027696,  0.00027432,  0.00027168,  0.00026904,  0.00026641,  0.00026377,  0.00026113,  0.00025849,  0.00025586,  0.00025322,  0.00025058,  0.00024794,   0.0002453,  0.00024267,  0.00024003,  0.00023739,  0.00023475,  0.00023212,
        0.00022948,  0.00022684,   0.0002242,  0.00022157,  0.00021893,  0.00021629,  0.00021365,  0.00021101,  0.00020838,  0.00020574,   0.0002031,  0.00020046,  0.00019783,  0.00019519,  0.00019255,  0.00018991,  0.00018728,  0.00018464,    0.000182,  0.00017936,  0.00017672,  0.00017409,  0.00017145,  0.00016881,
        0.00016617,  0.00016354,   0.0001609,  0.00015826,  0.00015562,  0.00015299,  0.00015035,  0.00014771,  0.00014507,  0.00014243,   0.0001398,  0.00013716,  0.00013452,  0.00013188,  0.00012925,  0.00012661,  0.00012397,  0.00012133,   0.0001187,  0.00011606,  0.00011342,  0.00011078,  0.00010815,  0.00010551,
        0.00010287,  0.00010023,  9.7594e-05,  9.4957e-05,  9.2319e-05,  8.9681e-05,  8.7044e-05,  8.4406e-05,  8.1768e-05,  7.9131e-05,  7.6493e-05,  7.3855e-05,  7.1217e-05,   6.858e-05,  6.5942e-05,  6.3304e-05,  6.0667e-05,  5.8029e-05,  5.5391e-05,  5.2754e-05,  5.0116e-05,  4.7478e-05,  4.4841e-05,  4.2203e-05,
        3.9565e-05,  3.6928e-05,   3.429e-05,  3.1652e-05,  2.9015e-05,  2.6377e-05,  2.3739e-05,  2.1101e-05,  1.8464e-05,  1.5826e-05,  1.3188e-05,  1.0551e-05,  7.9131e-06,  5.2754e-06,  2.6377e-06,           0])]","[[ 0.00087028  0.00024397           0           0           0           0           0           0           0           0]
 [  0.0013588   0.0010098  0.00065567  0.00065567  0.00032071  0.00032071           0           0           0           0]]","[[  0.0027643   0.0027643   0.0027643 ...           0           0           0]
 [  0.0046003   0.0046003   0.0046003 ...           0           0           0]]","[[   0.001396    0.001396    0.001396 ...           1           1           1]
 [  0.0023502   0.0023502   0.0023502 ...           1           1           1]]","[[    0.13953     0.13953     0.13953 ...           0           0           0]
 [    0.10811     0.10811     0.10811 ...           0           0           0]]",runs\train\testDEL8,"{0: 'bone-loss', 1: 'dental-caries'}"
